,0
0,https://www.realestateview.com.au/property-360/property/1805-1-boys-avenue-Blacktown-NSW-2148
1,https://www.realestateview.com.au/property-360/property/804-1-boys-avenue-Blacktown-NSW-2148
2,https://www.realestateview.com.au/property-360/property/263-madagascar--drive-Kings-Park-NSW-2148
3,https://www.realestateview.com.au/property-360/property/fairwater-boulevard-Blacktown-NSW-2148
4,https://www.realestateview.com.au/property-360/property/9-lyte-place-Prospect-NSW-2148
5,https://www.realestateview.com.au/property-360/property/1-boys-avenue-Blacktown-NSW-2148
6,https://www.realestateview.com.au/property-360/property/7-25-27-fourth----avenue-Blacktown-NSW-2148
7,https://www.realestateview.com.au/property-360/property/23-essence-glade-Blacktown-NSW-2148
8,https://www.realestateview.com.au/property-360/property/69-putters-circuit-Blacktown-NSW-2148
9,https://www.realestateview.com.au/property-360/property/1302-1-boys-avenue-Blacktown-NSW-2148
10,https://www.realestateview.com.au/property-360/property/1205-1-boys-avenue-Blacktown-NSW-2148
11,https://www.realestateview.com.au/property-360/property/2303-1-boys-avenue-Blacktown-NSW-2148
12,https://www.realestateview.com.au/property-360/property/12-old-church-lane-Prospect-NSW-2148
13,https://www.realestateview.com.au/property-360/property/701-1-boys-avenue-Blacktown-NSW-2148
14,https://www.realestateview.com.au/property-360/property/2002-1-boys-avenue-Blacktown-NSW-2148
15,"https://www.realestateview.com.au/property-360/property/31-14-18-fourth-avenue,avenue-Blacktown-NSW-2148"
16,https://www.realestateview.com.au/property-360/property/61-bungarribee-road-Blacktown-NSW-2148
17,https://www.realestateview.com.au/property-360/property/2-41-st-martins-crescent-Blacktown-NSW-2148
18,https://www.realestateview.com.au/property-360/property/77--osborne-road-Marayong-NSW-2148
19,https://www.realestateview.com.au/property-360/property/16--bermuda-place-Kings-Park-NSW-2148
20,https://www.realestateview.com.au/property-360/property/55--balmoral-street-Blacktown-NSW-2148
21,https://www.realestateview.com.au/property-360/property/1905-1-boys-avenue-Blacktown-NSW-2148
22,https://www.realestateview.com.au/property-360/property/30--jill-street-Marayong-NSW-2148
23,https://www.realestateview.com.au/property-360/property/3-29-norfolk-street-Blacktown-NSW-2148
24,"https://www.realestateview.com.au/property-360/property/62-tallawong-ave,avenue-Blacktown-NSW-2148"
25,https://www.realestateview.com.au/property-360/property/38--dagmar-crescent-Blacktown-NSW-2148
26,https://www.realestateview.com.au/property-360/property/2a-balbeek-avenue-Blacktown-NSW-2148
27,https://www.realestateview.com.au/property-360/property/38-ellerston-glade-Blacktown-NSW-2148
28,https://www.realestateview.com.au/property-360/property/50a-anthony-street-Blacktown-NSW-2148
29,https://www.realestateview.com.au/property-360/property/75-highpoint-drive-Blacktown-NSW-2148
